Character,Rank,Votes,Pool year,Total nomber of votes
Monkey D. Luffy,001,8055,1999,36000
Monkey D. Luffy,001,11136,2002,51873
Monkey D. Luffy,001,12844,2006,50804
Monkey D. Luffy,001,7065,2009,42116
Monkey D. Luffy,001,9183,2015,69472
Monkey D. Luffy,001,11737,2017,80000
Monkey D. Luffy,001,1637921,2021,12000000
Roronoa Zoro,002,7260,1999,36000
Roronoa Zoro,002,10982,2002,51873
Roronoa Zoro,002,8225,2006,50804
Roronoa Zoro,002,5645,2009,42116
Roronoa Zoro,003,7997,2015,69472
Roronoa Zoro,002,10442,2017,80000
Roronoa Zoro,002,1445034,2021,12000000
Nami,005,4213,1999,36000
Nami,005,2360,2002,51873
Nami,007,1983,2006,50804
Nami,006,1958,2009,42116
Nami,008,2173,2015,69472
Nami,008,3269,2017,80000
Nami,003,1085141,2021,12000000
Usopp,008,781,1999,36000
Usopp,006,1957,2002,51873
Usopp,006,2621,2006,50804
Usopp,011,1034,2009,42116
Usopp,013,1023,2015,69472
Usopp,015,1409,2017,80000
Usopp,015,131090,2021,12000000
Sanji,004,4300,1999,36000
Sanji,003,9676,2002,51873
Sanji,003,6235,2006,50804
Sanji,003,5547,2009,42116
Sanji,004,7154,2015,69472
Sanji,003,10215,2017,80000
Sanji,004,970286,2021,12000000
Tony Tony Chopper,,,1999,36000
Tony Tony Chopper,004,4428,2002,51873
Tony Tony Chopper,004,2725,2006,50804
Tony Tony Chopper,004,3362,2009,42116
Tony Tony Chopper,007,3336,2015,69472
Tony Tony Chopper,007,3301,2017,80000
Tony Tony Chopper,016,116364,2021,12000000
Nico Robin,,,1999,36000
Nico Robin,011,722,2002,51873
Nico Robin,005,2644,2006,50804
Nico Robin,007,1944,2009,42116
Nico Robin,011,1253,2015,69472
Nico Robin,012,1952,2017,80000
Nico Robin,006,599835,2021,12000000
Franky,,,1999,36000
Franky,,,2002,51873
Franky,013,600,2006,50804
Franky,013,715,2009,42116
Franky,016,711,2015,69472
Franky,020,861,2017,80000
Franky,028,66398,2021,12000000
Brook,,,1999,36000
Brook,,,2002,51873
Brook,,,2006,50804
Brook,009,1307,2009,42116
Brook,019,553,2015,69472
Brook,019,936,2017,80000
Brook,026,75741,2021,12000000
Jinbe,,,1999,36000
Jinbe,,,2002,51873
Jinbe,,,2006,50804
Jinbe,110,,2009,42116
Jinbe,035,,2015,69472
Jinbe,006,3884,2017,80000
Jinbe,018,102354,2021,12000000
Shanks,003,5883,1999,36000
Shanks,007,1880,2002,51873
Shanks,011,726,2006,50804
Shanks,008,1736,2009,42116
Shanks,014,951,2015,69472
Shanks,011,2010,2017,80000
Shanks,012,171610,2021,12000000
Benn Beckman,006,1518,1999,36000
Benn Beckman,017,218,2002,51873
Benn Beckman,033,143,2006,50804
Benn Beckman,045,100,2009,42116
Benn Beckman,039,,2015,69472
Benn Beckman,055,,2017,80000
Benn Beckman,057,17576,2021,12000000
Buggy,007,868,1999,36000
Buggy,020,179,2002,51873
Buggy,030,152,2006,50804
Buggy,021,259,2009,42116
Buggy,034,,2015,69472
Buggy,035,,2017,80000
Buggy,034,43559,2021,12000000
Kuro,009,625,1999,36000
Kuro,024,111,2002,51873
Kuro,024,302,2006,50804
Kuro,029,185,2009,42116
Kuro,093,,2015,69472
Kuro,129,,2017,80000
Kuro,104,,2021,12000000
Kuina,010,421,1999,36000
Kuina,029,74,2002,51873
Kuina,088,,2006,50804
Kuina,100,,2009,42116
Kuina,,,2015,69472
Kuina,094,,2017,80000
Kuina,153,,2021,12000000
Gin,011,,1999,36000
Gin,023,120,2002,51873
Gin,,,2006,50804
Gin,066,18,2009,42116
Gin,101,,2015,69472
Gin,121,,2017,80000
Gin,084,9944,2021,12000000
Makino,012,,1999,36000
Makino,,,2002,51873
Makino,,,2006,50804
Makino,110,,2009,42116
Makino,076,,2015,69472
Makino,086,,2017,80000
Makino,114,,2021,12000000
Gol D. Roger,013,,1999,36000
Gol D. Roger,,,2002,51873
Gol D. Roger,,,2006,50804
Gol D. Roger,083,6,2009,42116
Gol D. Roger,,,2015,69472
Gol D. Roger,039,,2017,80000
Gol D. Roger,029,66270,2021,12000000
Dracule Mihawk,014,,1999,36000
Dracule Mihawk,013,564,2002,51873
Dracule Mihawk,008,1744,2006,50804
Dracule Mihawk,012,743,2009,42116
Dracule Mihawk,023,,2015,69472
Dracule Mihawk,022,,2017,80000
Dracule Mihawk,030,65869,2021,12000000
Gaimon,015,,1999,36000
Gaimon,032,60,2002,51873
Gaimon,,,2006,50804
Gaimon,073,9,2009,42116
Gaimon,088,,2015,69472
Gaimon,063,,2017,80000
Gaimon,060,15041,2021,12000000
Don Krieg,016,,1999,36000
Don Krieg,,,2002,51873
Don Krieg,060,,2006,50804
Don Krieg,100,122,2009,42116
Don Krieg,124,,2015,69472
Don Krieg,,,2017,80000
Don Krieg,161,,2021,12000000
Kaya,017,,1999,36000
Kaya,,,2002,51873
Kaya,046,52,2006,50804
Kaya,078,7,2009,42116
Kaya,088,,2015,69472
Kaya,113,,2017,80000
Kaya,183,,2021,12000000
Koby,018,,1999,36000
Koby,,,2002,51873
Koby,054,,2006,50804
Koby,054,55,2009,42116
Koby,037,,2015,69472
Koby,058,,2017,80000
Koby,042,24841,2021,12000000
Jango,019,,1999,36000
Jango,038,38,2002,51873
Jango,,,2006,50804
Jango,066,18,2009,42116
Jango,109,,2015,69472
Jango,,,2017,80000
Jango,,,2021,12000000
Nyaban Brothers (Buchi and Sham),020,,1999,36000
Nyaban Brothers (Buchi and Sham),,,2002,51873
Nyaban Brothers (Buchi and Sham),,,2006,50804
Nyaban Brothers (Buchi and Sham),,,2009,42116
Nyaban Brothers (Buchi and Sham),,,2015,69472
Nyaban Brothers (Buchi and Sham),,,2017,80000
Nyaban Brothers (Buchi and Sham),,,2021,12000000
Merry,021,,1999,36000
Merry,,,2002,51873
Merry,,,2006,50804
Merry,,,2009,42116
Merry,,,2015,69472
Merry,,,2017,80000
Merry,,,2021,12000000
Zeff,022,,1999,36000
Zeff,031,62,2002,51873
Zeff,029,173,2006,50804
Zeff,060,28,2009,42116
Zeff,109,,2015,69472
Zeff,090,,2017,80000
Zeff,093,8750,2021,12000000
Mohji,023,,1999,36000
Mohji,,,2002,51873
Mohji,,,2006,50804
Mohji,,,2009,42116
Mohji,,,2015,69472
Mohji,,,2017,80000
Mohji,,,2021,12000000
Johnny,024,,1999,36000
Johnny,018,216,2002,51873
Johnny,087,,2006,50804
Johnny,122,,2009,42116
Johnny,,,2015,69472
Johnny,,,2017,80000
Johnny,,,2021,12000000
Cabaji,025,,1999,36000
Cabaji,,,2002,51873
Cabaji,,,2006,50804
Cabaji,,,2009,42116
Cabaji,,,2015,69472
Cabaji,,,2017,80000
Cabaji,,,2021,12000000
Yasopp,026,,1999,36000
Yasopp,,,2002,51873
Yasopp,073,,2006,50804
Yasopp,110,,2009,42116
Yasopp,,,2015,69472
Yasopp,,,2017,80000
Yasopp,,,2021,12000000
Patty,027,,1999,36000
Patty,,,2002,51873
Patty,,,2006,50804
Patty,,,2009,42116
Patty,,,2015,69472
Patty,,,2017,80000
Patty,,,2021,12000000
Yosaku,028,,1999,36000
Yosaku,,,2002,51873
Yosaku,087,,2006,50804
Yosaku,122,,2009,42116
Yosaku,,,2015,69472
Yosaku,,,2017,80000
Yosaku,,,2021,12000000
Piiman,029,,1999,36000
Piiman,,,2002,51873
Piiman,,,2006,50804
Piiman,,,2009,42116
Piiman,,,2015,69472
Piiman,,,2017,80000
Piiman,,,2021,12000000
Boodle,030,,1999,36000
Boodle,,,2002,51873
Boodle,066,,2006,50804
Boodle,,,2009,42116
Boodle,,,2015,69472
Boodle,,,2017,80000
Boodle,,,2021,12000000
Lord of the Coast,031,,1999,36000
Lord of the Coast,,,2002,51873
Lord of the Coast,,,2006,50804
Lord of the Coast,,,2009,42116
Lord of the Coast,,,2015,69472
Lord of the Coast,,,2017,80000
Lord of the Coast,154,,2021,12000000
Panda,032,,1999,36000
Panda,,,2002,51873
Panda,,,2006,50804
Panda,,,2009,42116
Panda,,,2015,69472
Panda,,,2017,80000
Panda,,,2021,12000000
Rabbit Snake,033,,1999,36000
Rabbit Snake,,,2002,51873
Rabbit Snake,,,2006,50804
Rabbit Snake,,,2009,42116
Rabbit Snake,,,2015,69472
Rabbit Snake,,,2017,80000
Rabbit Snake,,,2021,12000000
Pig Lion,033,,1999,36000
Pig Lion,,,2002,51873
Pig Lion,,,2006,50804
Pig Lion,,,2009,42116
Pig Lion,,,2015,69472
Pig Lion,,,2017,80000
Pig Lion,,,2021,12000000
Rika,035,,1999,36000
Rika,,,2002,51873
Rika,,,2006,50804
Rika,,,2009,42116
Rika,,,2015,69472
Rika,081,,2017,80000
Rika,,,2021,12000000
Ganzack,035,,1999,36000
Ganzack,,,2002,51873
Ganzack,,,2006,50804
Ganzack,,,2009,42116
Ganzack,,,2015,69472
Ganzack,,,2017,80000
Ganzack,,,2021,12000000
Marine Captain,035,,1999,36000
Marine Captain,,,2002,51873
Marine Captain,,,2006,50804
Marine Captain,,,2009,42116
Marine Captain,,,2015,69472
Marine Captain,,,2017,80000
Marine Captain,,,2021,12000000
Portgas D. Ace,,,1999,36000
Portgas D. Ace,008,1735,2002,51873
Portgas D. Ace,010,827,2006,50804
Portgas D. Ace,005,2175,2009,42116
Portgas D. Ace,006,5121,2015,69472
Portgas D. Ace,005,4605,2017,80000
Portgas D. Ace,009,355503,2021,12000000
Mr. 2 Bon Kurei,,,1999,36000
Mr. 2 Bon Kurei,009,811,2002,51873
Mr. 2 Bon Kurei,021,368,2006,50804
Mr. 2 Bon Kurei,023,217,2009,42116
Mr. 2 Bon Kurei,020,531,2015,69472
Mr. 2 Bon Kurei,025,,2017,80000
Mr. 2 Bon Kurei,022,88082,2021,12000000
Nefertari Vivi,,,1999,36000
Nefertari Vivi,010,748,2002,51873
Nefertari Vivi,015,529,2006,50804
Nefertari Vivi,014,483,2009,42116
Nefertari Vivi,024,,2015,69472
Nefertari Vivi,024,,2017,80000
Nefertari Vivi,021,90645,2021,12000000
Smoker,,,1999,36000
Smoker,012,720,2002,51873
Smoker,014,572,2006,50804
Smoker,020,262,2009,42116
Smoker,024,,2015,69472
Smoker,033,,2017,80000
Smoker,027,66962,2021,12000000
Tashigi,,,1999,36000
Tashigi,014,476,2002,51873
Tashigi,020,380,2006,50804
Tashigi,042,110,2009,42116
Tashigi,064,,2015,69472
Tashigi,033,,2017,80000
Tashigi,038,34582,2021,12000000
Crocodile,,,1999,36000
Crocodile,015,307,2002,51873
Crocodile,025,277,2006,50804
Crocodile,028,189,2009,42116
Crocodile,015,737,2015,69472
Crocodile,018,1050,2017,80000
Crocodile,017,109837,2021,12000000
Koza,,,1999,36000
Koza,016,288,2002,51873
Koza,052,,2006,50804
Koza,100,,2009,42116
Koza,095,,2015,69472
Koza,,,2017,80000
Koza,182,,2021,12000000
Pandaman,,,1999,36000
Pandaman,019,215,2002,51873
Pandaman,031,149,2006,50804
Pandaman,039,119,2009,42116
Pandaman,,,2015,69472
Pandaman,051,,2017,80000
Pandaman,097,8017,2021,12000000
Pell,,,1999,36000
Pell,021,173,2002,51873
Pell,027,200,2006,50804
Pell,027,193,2009,42116
Pell,043,,2015,69472
Pell,057,,2017,80000
Pell,051,19467,2021,12000000
Karoo,,,1999,36000
Karoo,022,170,2002,51873
Karoo,047,50,2006,50804
Karoo,053,60,2009,42116
Karoo,063,,2015,69472
Karoo,055,,2017,80000
Karoo,075,12127,2021,12000000
Eiichiro Oda,,,1999,36000
Eiichiro Oda,025,97,2002,51873
Eiichiro Oda,048,58,2006,50804
Eiichiro Oda,031,174,2009,42116
Eiichiro Oda,050,,2015,69472
Eiichiro Oda,040,,2017,80000
Eiichiro Oda,,,2021,12000000
Dr. Kureha,,,1999,36000
Dr. Kureha,026,95,2002,51873
Dr. Kureha,034,128,2006,50804
Dr. Kureha,054,55,2009,42116
Dr. Kureha,120,,2015,69472
Dr. Kureha,140,,2017,80000
Dr. Kureha,125,,2021,12000000
Mr. 9,,,1999,36000
Mr. 9,027,81,2002,51873
Mr. 9,042,66,2006,50804
Mr. 9,122,,2009,42116
Mr. 9,105,,2015,69472
Mr. 9,,,2017,80000
Mr. 9,,,2021,12000000
Kung-Fu Dugongs,,,1999,36000
Kung-Fu Dugongs,027,81,2002,51873
Kung-Fu Dugongs,051,,2006,50804
Kung-Fu Dugongs,088,5,2009,42116
Kung-Fu Dugongs,,,2015,69472
Kung-Fu Dugongs,086,,2017,80000
Kung-Fu Dugongs,089,9655,2021,12000000
Dr. Hiriluk,,,1999,36000
Dr. Hiriluk,030,69,2002,51873
Dr. Hiriluk,039,81,2006,50804
Dr. Hiriluk,026,196,2009,42116
Dr. Hiriluk,073,,2015,69472
Dr. Hiriluk,076,,2017,80000
Dr. Hiriluk,067,13500,2021,12000000
Fullbody,,,1999,36000
Fullbody,033,56,2002,51873
Fullbody,,,2006,50804
Fullbody,122,,2009,42116
Fullbody,,,2015,69472
Fullbody,,,2017,80000
Fullbody,,,2021,12000000
Laboon,,,1999,36000
Laboon,034,47,2002,51873
Laboon,074,,2006,50804
Laboon,032,161,2009,42116
Laboon,137,,2015,69472
Laboon,100,,2017,80000
Laboon,109,,2021,12000000
Negikuma Maria,,,1999,36000
Negikuma Maria,035,45,2002,51873
Negikuma Maria,062,,2006,50804
Negikuma Maria,122,,2009,42116
Negikuma Maria,,,2015,69472
Negikuma Maria,,,2017,80000
Negikuma Maria,,,2021,12000000
Miss Goldenweek,,,1999,36000
Miss Goldenweek,035,45,2002,51873
Miss Goldenweek,070,,2006,50804
Miss Goldenweek,,,2009,42116
Miss Goldenweek,109,,2015,69472
Miss Goldenweek,155,,2017,80000
Miss Goldenweek,162,,2021,12000000
Bell-mère,,,1999,36000
Bell-mère,037,41,2002,51873
Bell-mère,032,144,2006,50804
Bell-mère,040,115,2009,42116
Bell-mère,081,,2015,69472
Bell-mère,077,,2017,80000
Bell-mère,081,10704,2021,12000000
Miss Valentine,,,1999,36000
Miss Valentine,038,38,2002,51873
Miss Valentine,071,,2006,50804
Miss Valentine,093,,2009,42116
Miss Valentine,076,,2015,69472
Miss Valentine,086,,2017,80000
Miss Valentine,108,,2021,12000000
Mr. 1,,,1999,36000
Mr. 1,038,38,2002,51873
Mr. 1,099,,2006,50804
Mr. 1,,,2009,42116
Mr. 1,,,2015,69472
Mr. 1,134,,2017,80000
Mr. 1,121,,2021,12000000
Minatomo,,,1999,36000
Minatomo,041,,2002,51873
Minatomo,,,2006,50804
Minatomo,,,2009,42116
Minatomo,,,2015,69472
Minatomo,,,2017,80000
Minatomo,,,2021,12000000
Sogeking,,,1999,36000
Sogeking,,,2002,51873
Sogeking,006,2621,2006,50804
Sogeking,030,182,2009,42116
Sogeking,,,2015,69472
Sogeking,,,2017,80000
Sogeking,,,2021,12000000
Kaku,,,1999,36000
Kaku,,,2002,51873
Kaku,009,1044,2006,50804
Kaku,016,294,2009,42116
Kaku,045,,2015,69472
Kaku,070,,2017,80000
Kaku,077,11909,2021,12000000
Rob Lucci,,,1999,36000
Rob Lucci,,,2002,51873
Rob Lucci,012,647,2006,50804
Rob Lucci,019,266,2009,42116
Rob Lucci,041,,2015,69472
Rob Lucci,043,,2017,80000
Rob Lucci,043,24726,2021,12000000
Aokiji,,,1999,36000
Aokiji,,,2002,51873
Aokiji,016,483,2006,50804
Aokiji,017,280,2009,42116
Aokiji,022,,2015,69472
Aokiji,026,,2017,80000
Aokiji,036,38127,2021,12000000
Jabra,,,1999,36000
Jabra,,,2002,51873
Jabra,017,461,2006,50804
Jabra,071,10,2009,42116
Jabra,109,,2015,69472
Jabra,129,,2017,80000
Jabra,135,,2021,12000000
Paulie,,,1999,36000
Paulie,,,2002,51873
Paulie,018,460,2006,50804
Paulie,049,87,2009,42116
Paulie,059,,2015,69472
Paulie,100,,2017,80000
Paulie,069,13344,2021,12000000
Iceburg,,,1999,36000
Iceburg,,,2002,51873
Iceburg,019,401,2006,50804
Iceburg,060,28,2009,42116
Iceburg,109,,2015,69472
Iceburg,,,2017,80000
Iceburg,107,,2021,12000000
Enel,,,1999,36000
Enel,,,2002,51873
Enel,022,351,2006,50804
Enel,022,224,2009,42116
Enel,048,,2015,69472
Enel,044,,2017,80000
Enel,035,39144,2021,12000000
Kalifa,,,1999,36000
Kalifa,,,2002,51873
Kalifa,023,346,2006,50804
Kalifa,078,7,2009,42116
Kalifa,137,,2015,69472
Kalifa,062,,2017,80000
Kalifa,118,,2021,12000000
Fukurou,,,1999,36000
Fukurou,,,2002,51873
Fukurou,026,252,2006,50804
Fukurou,078,7,2009,42116
Fukurou,,,2015,69472
Fukurou,,,2017,80000
Fukurou,,,2021,12000000
Spandam,,,1999,36000
Spandam,,,2002,51873
Spandam,028,178,2006,50804
Spandam,064,22,2009,42116
Spandam,076,,2015,69472
Spandam,086,,2017,80000
Spandam,163,,2021,12000000
Gedatsu,,,1999,36000
Gedatsu,,,2002,51873
Gedatsu,035,120,2006,50804
Gedatsu,088,5,2009,42116
Gedatsu,,,2015,69472
Gedatsu,,,2017,80000
Gedatsu,117,,2021,12000000
Hina,,,1999,36000
Hina,,,2002,51873
Hina,036,115,2006,50804
Hina,062,27,2009,42116
Hina,105,,2015,69472
Hina,121,,2017,80000
Hina,149,,2021,12000000
Wyper,,,1999,36000
Wyper,,,2002,51873
Wyper,037,96,2006,50804
Wyper,043,107,2009,42116
Wyper,081,,2015,69472
Wyper,134,,2017,80000
Wyper,088,9674,2021,12000000
Mozu and Kiwi,,,1999,36000
Mozu and Kiwi,,,2002,51873
Mozu and Kiwi,038,84,2006,50804
Mozu and Kiwi,122,,2009,42116
Mozu and Kiwi,,,2015,69472
Mozu and Kiwi,,,2017,80000
Mozu and Kiwi,,,2021,12000000
T Bone,,,1999,36000
T Bone,,,2002,51873
T Bone,040,76,2006,50804
T Bone,122,,2009,42116
T Bone,118,,2015,69472
T Bone,,,2017,80000
T Bone,173,,2021,12000000
Tom,,,1999,36000
Tom,,,2002,51873
Tom,041,71,2006,50804
Tom,083,6,2009,42116
Tom,124,,2015,69472
Tom,121,,2017,80000
Tom,152,,2021,12000000
Edward Newgate,,,1999,36000
Edward Newgate,,,2002,51873
Edward Newgate,043,65,2006,50804
Edward Newgate,069,11,2009,42116
Edward Newgate,026,,2015,69472
Edward Newgate,028,,2017,80000
Edward Newgate,031,59957,2021,12000000
Nico Olvia,,,1999,36000
Nico Olvia,,,2002,51873
Nico Olvia,044,60,2006,50804
Nico Olvia,122,,2009,42116
Nico Olvia,,,2015,69472
Nico Olvia,108,,2017,80000
Nico Olvia,160,,2021,12000000
Kamakiri,,,1999,36000
Kamakiri,,,2002,51873
Kamakiri,045,53,2006,50804
Kamakiri,122,,2009,42116
Kamakiri,,,2015,69472
Kamakiri,,,2017,80000
Kamakiri,,,2021,12000000
Klabautermann,,,1999,36000
Klabautermann,,,2002,51873
Klabautermann,049,46,2006,50804
Klabautermann,122,,2009,42116
Klabautermann,,,2015,69472
Klabautermann,,,2017,80000
Klabautermann,,,2021,12000000
Going Merry,,,1999,36000
Going Merry,,,2002,51873
Going Merry,050,44,2006,50804
Going Merry,025,210,2009,42116
Going Merry,093,,2015,69472
Going Merry,060,,2017,80000
Going Merry,032,49992,2021,12000000
Kokoro,,,1999,36000
Kokoro,,,2002,51873
Kokoro,053,,2006,50804
Kokoro,122,,2009,42116
Kokoro,,,2015,69472
Kokoro,259,,2017,80000
Kokoro,,,2021,12000000
Gomorrah,,,1999,36000
Gomorrah,,,2002,51873
Gomorrah,055,,2006,50804
Gomorrah,,,2009,42116
Gomorrah,,,2015,69472
Gomorrah,,,2017,80000
Gomorrah,,,2021,12000000
Sarquiss,,,1999,36000
Sarquiss,,,2002,51873
Sarquiss,056,,2006,50804
Sarquiss,,,2009,42116
Sarquiss,,,2015,69472
Sarquiss,,,2017,80000
Sarquiss,,,2021,12000000
Sabagashira I,,,1999,36000
Sabagashira I,,,2002,51873
Sabagashira I,057,,2006,50804
Sabagashira I,093,,2009,42116
Sabagashira I,137,,2015,69472
Sabagashira I,,,2017,80000
Sabagashira I,,,2021,12000000
Tyrannosaurus,,,1999,36000
Tyrannosaurus,,,2002,51873
Tyrannosaurus,058,,2006,50804
Tyrannosaurus,,,2009,42116
Tyrannosaurus,101,,2015,69472
Tyrannosaurus,113,,2017,80000
Tyrannosaurus,150,,2021,12000000
Ratchet,,,1999,36000
Ratchet,,,2002,51873
Ratchet,059,,2006,50804
Ratchet,122,,2009,42116
Ratchet,,,2015,69472
Ratchet,,,2017,80000
Ratchet,,,2021,12000000
Donquixote Doflamingo,,,1999,36000
Donquixote Doflamingo,,,2002,51873
Donquixote Doflamingo,061,,2006,50804
Donquixote Doflamingo,046,98,2009,42116
Donquixote Doflamingo,017,691,2015,69472
Donquixote Doflamingo,017,1125,2017,80000
Donquixote Doflamingo,020,96402,2021,12000000
Nefertari Cobra,,,1999,36000
Nefertari Cobra,,,2002,51873
Nefertari Cobra,063,,2006,50804
Nefertari Cobra,076,8,2009,42116
Nefertari Cobra,137,,2015,69472
Nefertari Cobra,,,2017,80000
Nefertari Cobra,,,2021,12000000
Jaguar D. Saul,,,1999,36000
Jaguar D. Saul,,,2002,51873
Jaguar D. Saul,064,,2006,50804
Jaguar D. Saul,071,10,2009,42116
Jaguar D. Saul,105,,2015,69472
Jaguar D. Saul,113,,2017,80000
Jaguar D. Saul,156,,2021,12000000
Chicken (from Enies Lobby),,,1999,36000
Chicken (from Enies Lobby),,,2002,51873
Chicken (from Enies Lobby),065,,2006,50804
Chicken (from Enies Lobby),,,2009,42116
Chicken (from Enies Lobby),,,2015,69472
Chicken (from Enies Lobby),,,2017,80000
Chicken (from Enies Lobby),,,2021,12000000
Bellamy,,,1999,36000
Bellamy,,,2002,51873
Bellamy,067,,2006,50804
Bellamy,063,25,2009,42116
Bellamy,055,,2015,69472
Bellamy,129,,2017,80000
Bellamy,122,,2021,12000000
Helmeppo,,,1999,36000
Helmeppo,,,2002,51873
Helmeppo,068,,2006,50804
Helmeppo,122,,2009,42116
Helmeppo,066,,2015,69472
Helmeppo,108,,2017,80000
Helmeppo,,,2021,12000000
Holy,,,1999,36000
Holy,,,2002,51873
Holy,069,,2006,50804
Holy,,,2009,42116
Holy,,,2015,69472
Holy,,,2017,80000
Holy,,,2021,12000000
Professor Clover,,,1999,36000
Professor Clover,,,2002,51873
Professor Clover,072,,2006,50804
Professor Clover,122,,2009,42116
Professor Clover,,,2015,69472
Professor Clover,,,2017,80000
Professor Clover,,,2021,12000000
Wanze,,,1999,36000
Wanze,,,2002,51873
Wanze,075,,2006,50804
Wanze,122,,2009,42116
Wanze,124,,2015,69472
Wanze,,,2017,80000
Wanze,,,2021,12000000
Chimney,,,1999,36000
Chimney,,,2002,51873
Chimney,076,,2006,50804
Chimney,,,2009,42116
Chimney,,,2015,69472
Chimney,,,2017,80000
Chimney,198,,2021,12000000
Gonbe,,,1999,36000
Gonbe,,,2002,51873
Gonbe,077,,2006,50804
Gonbe,122,,2009,42116
Gonbe,124,,2015,69472
Gonbe,,,2017,80000
Gonbe,,,2021,12000000
Zambai,,,1999,36000
Zambai,,,2002,51873
Zambai,078,,2006,50804
Zambai,,,2009,42116
Zambai,,,2015,69472
Zambai,,,2017,80000
Zambai,,,2021,12000000
Peepley Lulu,,,1999,36000
Peepley Lulu,,,2002,51873
Peepley Lulu,079,,2006,50804
Peepley Lulu,,,2009,42116
Peepley Lulu,,,2015,69472
Peepley Lulu,,,2017,80000
Peepley Lulu,,,2021,12000000
Tilestone,,,1999,36000
Tilestone,,,2002,51873
Tilestone,080,,2006,50804
Tilestone,122,,2009,42116
Tilestone,,,2015,69472
Tilestone,,,2017,80000
Tilestone,,,2021,12000000
Blueno,,,1999,36000
Blueno,,,2002,51873
Blueno,081,,2006,50804
Blueno,083,6,2009,42116
Blueno,,,2015,69472
Blueno,,,2017,80000
Blueno,,,2021,12000000
Kashii and Oimo,,,1999,36000
Kashii and Oimo,,,2002,51873
Kashii and Oimo,082,,2006,50804
Kashii and Oimo,,,2009,42116
Kashii and Oimo,,,2015,69472
Kashii and Oimo,,,2017,80000
Kashii and Oimo,,,2021,12000000
Kairiki Destroyers,,,1999,36000
Kairiki Destroyers,,,2002,51873
Kairiki Destroyers,083,,2006,50804
Kairiki Destroyers,,,2009,42116
Kairiki Destroyers,,,2015,69472
Kairiki Destroyers,,,2017,80000
Kairiki Destroyers,,,2021,12000000
Baskerville,,,1999,36000
Baskerville,,,2002,51873
Baskerville,084,,2006,50804
Baskerville,,,2009,42116
Baskerville,,,2015,69472
Baskerville,,,2017,80000
Baskerville,,,2021,12000000
Rocketman,,,1999,36000
Rocketman,,,2002,51873
Rocketman,085,,2006,50804
Rocketman,,,2009,42116
Rocketman,,,2015,69472
Rocketman,,,2017,80000
Rocketman,,,2021,12000000
Gan Fall,,,1999,36000
Gan Fall,,,2002,51873
Gan Fall,086,,2006,50804
Gan Fall,122,,2009,42116
Gan Fall,,,2015,69472
Gan Fall,,,2017,80000
Gan Fall,,,2021,12000000
Dorry,,,1999,36000
Dorry,,,2002,51873
Dorry,089,,2006,50804
Dorry,122,,2009,42116
Dorry,,,2015,69472
Dorry,,,2017,80000
Dorry,,,2021,12000000
Brogy,,,1999,36000
Brogy,,,2002,51873
Brogy,089,,2006,50804
Brogy,,,2009,42116
Brogy,,,2015,69472
Brogy,,,2017,80000
Brogy,,,2021,12000000
Wapol,,,1999,36000
Wapol,,,2002,51873
Wapol,090,,2006,50804
Wapol,122,,2009,42116
Wapol,,,2015,69472
Wapol,,,2017,80000
Wapol,,,2021,12000000
Nojiko,,,1999,36000
Nojiko,,,2002,51873
Nojiko,091,,2006,50804
Nojiko,122,,2009,42116
Nojiko,,,2015,69472
Nojiko,,,2017,80000
Nojiko,148,,2021,12000000
Genzo,,,1999,36000
Genzo,,,2002,51873
Genzo,092,,2006,50804
Genzo,,,2009,42116
Genzo,,,2015,69472
Genzo,,,2017,80000
Genzo,,,2021,12000000
Dalton,,,1999,36000
Dalton,,,2002,51873
Dalton,093,,2006,50804
Dalton,122,,2009,42116
Dalton,109,,2015,69472
Dalton,,,2017,80000
Dalton,,,2021,12000000
Marshall D. Teach,,,1999,36000
Marshall D. Teach,,,2002,51873
Marshall D. Teach,094,,2006,50804
Marshall D. Teach,051,77,2009,42116
Marshall D. Teach,067,,2015,69472
Marshall D. Teach,049,,2017,80000
Marshall D. Teach,046,22474,2021,12000000
Foxy,,,1999,36000
Foxy,,,2002,51873
Foxy,095,,2006,50804
Foxy,056,40,2009,42116
Foxy,,,2015,69472
Foxy,,,2017,80000
Foxy,132,,2021,12000000
Spandine,,,1999,36000
Spandine,,,2002,51873
Spandine,096,,2006,50804
Spandine,,,2009,42116
Spandine,,,2015,69472
Spandine,,,2017,80000
Spandine,,,2021,12000000
Kumadori,,,1999,36000
Kumadori,,,2002,51873
Kumadori,097,,2006,50804
Kumadori,122,,2009,42116
Kumadori,,,2015,69472
Kumadori,,,2017,80000
Kumadori,,,2021,12000000
Nero,,,1999,36000
Nero,,,2002,51873
Nero,098,,2006,50804
Nero,122,,2009,42116
Nero,,,2015,69472
Nero,,,2017,80000
Nero,,,2021,12000000
Trafalgar Law,,,1999,36000
Trafalgar Law,,,2002,51873
Trafalgar Law,,,2006,50804
Trafalgar Law,010,1180,2009,42116
Trafalgar Law,002,8794,2015,69472
Trafalgar Law,004,7997,2017,80000
Trafalgar Law,005,646686,2021,12000000
Eustass Kid,,,1999,36000
Eustass Kid,,,2002,51873
Eustass Kid,,,2006,50804
Eustass Kid,015,357,2009,42116
Eustass Kid,018,566,2015,69472
Eustass Kid,037,,2017,80000
Eustass Kid,023,86454,2021,12000000
Silvers Rayleigh,,,1999,36000
Silvers Rayleigh,,,2002,51873
Silvers Rayleigh,,,2006,50804
Silvers Rayleigh,018,277,2009,42116
Silvers Rayleigh,032,,2015,69472
Silvers Rayleigh,038,,2017,80000
Silvers Rayleigh,033,44852,2021,12000000
Urouge,,,1999,36000
Urouge,,,2002,51873
Urouge,,,2006,50804
Urouge,024,212,2009,42116
Urouge,048,,2015,69472
Urouge,050,,2017,80000
Urouge,070,13086,2021,12000000
Perona,,,1999,36000
Perona,,,2002,51873
Perona,,,2006,50804
Perona,033,154,2009,42116
Perona,021,,2015,69472
Perona,023,,2017,80000
Perona,025,80255,2021,12000000
Richie,,,1999,36000
Richie,,,2002,51873
Richie,,,2006,50804
Richie,034,150,2009,42116
Richie,,,2015,69472
Richie,,,2017,80000
Richie,,,2021,12000000
X Drake,,,1999,36000
X Drake,,,2002,51873
X Drake,,,2006,50804
X Drake,035,147,2009,42116
X Drake,058,,2015,69472
X Drake,090,,2017,80000
X Drake,041,28744,2021,12000000
Jewelry Bonney,,,1999,36000
Jewelry Bonney,,,2002,51873
Jewelry Bonney,,,2006,50804
Jewelry Bonney,036,140,2009,42116
Jewelry Bonney,067,,2015,69472
Jewelry Bonney,068,,2017,80000
Jewelry Bonney,085,9929,2021,12000000
Scratchmen Apoo,,,1999,36000
Scratchmen Apoo,,,2002,51873
Scratchmen Apoo,,,2006,50804
Scratchmen Apoo,037,133,2009,42116
Scratchmen Apoo,075,,2015,69472
Scratchmen Apoo,179,,2017,80000
Scratchmen Apoo,169,,2021,12000000
Bepo,,,1999,36000
Bepo,,,2002,51873
Bepo,,,2006,50804
Bepo,038,126,2009,42116
Bepo,033,,2015,69472
Bepo,042,,2017,80000
Bepo,064,13938,2021,12000000
Oars,,,1999,36000
Oars,,,2002,51873
Oars,,,2006,50804
Oars,041,112,2009,42116
Oars,,,2015,69472
Oars,,,2017,80000
Oars,,,2021,12000000
Gecko Moria,,,1999,36000
Gecko Moria,,,2002,51873
Gecko Moria,,,2006,50804
Gecko Moria,044,105,2009,42116
Gecko Moria,072,,2015,69472
Gecko Moria,111,,2017,80000
Gecko Moria,074,12276,2021,12000000
Kizaru,,,1999,36000
Kizaru,,,2002,51873
Kizaru,,,2006,50804
Kizaru,047,91,2009,42116
Kizaru,044,,2015,69472
Kizaru,077,,2017,80000
Kizaru,059,15559,2021,12000000
Arlong,,,1999,36000
Arlong,,,2002,51873
Arlong,,,2006,50804
Arlong,048,89,2009,42116
Arlong,088,,2015,69472
Arlong,104,,2017,80000
Arlong,139,,2021,12000000
Monkey D. Garp,,,1999,36000
Monkey D. Garp,,,2002,51873
Monkey D. Garp,,,2006,50804
Monkey D. Garp,050,84,2009,42116
Monkey D. Garp,074,,2015,69472
Monkey D. Garp,,,2017,80000
Monkey D. Garp,044,23693,2021,12000000
Bartholomew Kuma,,,1999,36000
Bartholomew Kuma,,,2002,51873
Bartholomew Kuma,,,2006,50804
Bartholomew Kuma,052,68,2009,42116
Bartholomew Kuma,085,,2015,69472
Bartholomew Kuma,129,,2017,80000
Bartholomew Kuma,098,7940,2021,12000000
Basil Hawkins,,,1999,36000
Basil Hawkins,,,2002,51873
Basil Hawkins,,,2006,50804
Basil Hawkins,056,40,2009,42116
Basil Hawkins,054,,2015,69472
Basil Hawkins,075,,2017,80000
Basil Hawkins,082,10590,2021,12000000
Ryuma,,,1999,36000
Ryuma,,,2002,51873
Ryuma,,,2006,50804
Ryuma,058,37,2009,42116
Ryuma,,,2015,69472
Ryuma,,,2017,80000
Ryuma,134,,2021,12000000
Pappag,,,1999,36000
Pappag,,,2002,51873
Pappag,,,2006,50804
Pappag,059,32,2009,42116
Pappag,124,,2015,69472
Pappag,,,2017,80000
Pappag,,,2021,12000000
Duval,,,1999,36000
Duval,,,2002,51873
Duval,,,2006,50804
Duval,064,22,2009,42116
Duval,,,2015,69472
Duval,,,2017,80000
Duval,,,2021,12000000
Mont Blanc Noland,,,1999,36000
Mont Blanc Noland,,,2002,51873
Mont Blanc Noland,,,2006,50804
Mont Blanc Noland,066,18,2009,42116
Mont Blanc Noland,,,2015,69472
Mont Blanc Noland,,,2017,80000
Mont Blanc Noland,105,,2021,12000000
Kumashi,,,1999,36000
Kumashi,,,2002,51873
Kumashi,,,2006,50804
Kumashi,069,11,2009,42116
Kumashi,095,,2015,69472
Kumashi,077,,2017,80000
Kumashi,140,,2021,12000000
Monkey D. Dragon,,,1999,36000
Monkey D. Dragon,,,2002,51873
Monkey D. Dragon,,,2006,50804
Monkey D. Dragon,073,9,2009,42116
Monkey D. Dragon,081,,2015,69472
Monkey D. Dragon,085,,2017,80000
Monkey D. Dragon,062,14410,2021,12000000
Mont Blanc Cricket,,,1999,36000
Mont Blanc Cricket,,,2002,51873
Mont Blanc Cricket,,,2006,50804
Mont Blanc Cricket,073,9,2009,42116
Mont Blanc Cricket,,,2015,69472
Mont Blanc Cricket,,,2017,80000
Mont Blanc Cricket,188,,2021,12000000
Kalgara,,,1999,36000
Kalgara,,,2002,51873
Kalgara,,,2006,50804
Kalgara,076,8,2009,42116
Kalgara,137,,2015,69472
Kalgara,121,,2017,80000
Kalgara,129,,2021,12000000
Camie,,,1999,36000
Camie,,,2002,51873
Camie,,,2006,50804
Camie,078,7,2009,42116
Camie,137,,2015,69472
Camie,113,,2017,80000
Camie,,,2021,12000000
Hiking Bear,,,1999,36000
Hiking Bear,,,2002,51873
Hiking Bear,,,2006,50804
Hiking Bear,078,7,2009,42116
Hiking Bear,,,2015,69472
Hiking Bear,148,,2017,80000
Hiking Bear,159,,2021,12000000
Chopper Man,,,1999,36000
Chopper Man,,,2002,51873
Chopper Man,,,2006,50804
Chopper Man,083,6,2009,42116
Chopper Man,,,2015,69472
Chopper Man,,,2017,80000
Chopper Man,,,2021,12000000
Van Augur,,,1999,36000
Van Augur,,,2002,51873
Van Augur,,,2006,50804
Van Augur,083,6,2009,42116
Van Augur,,,2015,69472
Van Augur,,,2017,80000
Van Augur,,,2021,12000000
Conis,,,1999,36000
Conis,,,2002,51873
Conis,,,2006,50804
Conis,088,5,2009,42116
Conis,,,2015,69472
Conis,,,2017,80000
Conis,138,,2021,12000000
Dr. Potsun,,,1999,36000
Dr. Potsun,,,2002,51873
Dr. Potsun,,,2006,50804
Dr. Potsun,088,5,2009,42116
Dr. Potsun,,,2015,69472
Dr. Potsun,,,2017,80000
Dr. Potsun,,,2021,12000000
Attach,,,1999,36000
Attach,,,2002,51873
Attach,,,2006,50804
Attach,088,5,2009,42116
Attach,,,2015,69472
Attach,,,2017,80000
Attach,,,2021,12000000
Chouchou,,,1999,36000
Chouchou,,,2002,51873
Chouchou,,,2006,50804
Chouchou,093,,2009,42116
Chouchou,120,,2015,69472
Chouchou,097,,2017,80000
Chouchou,100,7776,2021,12000000
Sharinguru,,,1999,36000
Sharinguru,,,2002,51873
Sharinguru,,,2006,50804
Sharinguru,093,,2009,42116
Sharinguru,,,2015,69472
Sharinguru,,,2017,80000
Sharinguru,,,2021,12000000
Auction No.151 (オークションＮｏ．１５１),,,1999,36000
Auction No.151 (オークションＮｏ．１５１),,,2002,51873
Auction No.151 (オークションＮｏ．１５１),,,2006,50804
Auction No.151 (オークションＮｏ．１５１),093,,2009,42116
Auction No.151 (オークションＮｏ．１５１),,,2015,69472
Auction No.151 (オークションＮｏ．１５１),,,2017,80000
Auction No.151 (オークションＮｏ．１５１),,,2021,12000000
Yokozuna,,,1999,36000
Yokozuna,,,2002,51873
Yokozuna,,,2006,50804
Yokozuna,093,,2009,42116
Yokozuna,,,2015,69472
Yokozuna,,,2017,80000
Yokozuna,,,2021,12000000
Peterman,,,1999,36000
Peterman,,,2002,51873
Peterman,,,2006,50804
Peterman,093,,2009,42116
Peterman,,,2015,69472
Peterman,,,2017,80000
Peterman,,,2021,12000000
Killer,,,1999,36000
Killer,,,2002,51873
Killer,,,2006,50804
Killer,100,,2009,42116
Killer,061,,2015,69472
Killer,129,,2017,80000
Killer,055,17924,2021,12000000
Kankichi Ryotsu (Ryo-san),,,1999,36000
Kankichi Ryotsu (Ryo-san),,,2002,51873
Kankichi Ryotsu (Ryo-san),,,2006,50804
Kankichi Ryotsu (Ryo-san),100,,2009,42116
Kankichi Ryotsu (Ryo-san),195,,2015,69472
Kankichi Ryotsu (Ryo-san),,,2017,80000
Kankichi Ryotsu (Ryo-san),,,2021,12000000
Lola,,,1999,36000
Lola,,,2002,51873
Lola,,,2006,50804
Lola,100,,2009,42116
Lola,,,2015,69472
Lola,,,2017,80000
Lola,,,2021,12000000
Cutty Flam,,,1999,36000
Cutty Flam,,,2002,51873
Cutty Flam,,,2006,50804
Cutty Flam,100,,2009,42116
Cutty Flam,,,2015,69472
Cutty Flam,,,2017,80000
Cutty Flam,,,2021,12000000
Alvida,,,1999,36000
Alvida,,,2002,51873
Alvida,,,2006,50804
Alvida,100,,2009,42116
Alvida,,,2015,69472
Alvida,,,2017,80000
Alvida,133,,2021,12000000
Absalom,,,1999,36000
Absalom,,,2002,51873
Absalom,,,2006,50804
Absalom,100,,2009,42116
Absalom,,,2015,69472
Absalom,,,2017,80000
Absalom,,,2021,12000000
Aisa,,,1999,36000
Aisa,,,2002,51873
Aisa,,,2006,50804
Aisa,100,,2009,42116
Aisa,,,2015,69472
Aisa,,,2017,80000
Aisa,,,2021,12000000
Shuraiya Bascùd,,,1999,36000
Shuraiya Bascùd,,,2002,51873
Shuraiya Bascùd,,,2006,50804
Shuraiya Bascùd,110,,2009,42116
Shuraiya Bascùd,124,,2015,69472
Shuraiya Bascùd,,,2017,80000
Shuraiya Bascùd,,,2021,12000000
Higuma,,,1999,36000
Higuma,,,2002,51873
Higuma,,,2006,50804
Higuma,110,,2009,42116
Higuma,,,2015,69472
Higuma,,,2017,80000
Higuma,124,,2021,12000000
Bull,,,1999,36000
Bull,,,2002,51873
Bull,,,2006,50804
Bull,110,,2009,42116
Bull,,,2015,69472
Bull,,,2017,80000
Bull,,,2021,12000000
Tomato Gang,,,1999,36000
Tomato Gang,,,2002,51873
Tomato Gang,,,2006,50804
Tomato Gang,110,,2009,42116
Tomato Gang,,,2015,69472
Tomato Gang,,,2017,80000
Tomato Gang,,,2021,12000000
Victoria Cindry,,,1999,36000
Victoria Cindry,,,2002,51873
Victoria Cindry,,,2006,50804
Victoria Cindry,110,,2009,42116
Victoria Cindry,,,2015,69472
Victoria Cindry,,,2017,80000
Victoria Cindry,191,,2021,12000000
Morgan,,,1999,36000
Morgan,,,2002,51873
Morgan,,,2006,50804
Morgan,110,,2009,42116
Morgan,,,2015,69472
Morgan,,,2017,80000
Morgan,,,2021,12000000
Marumieta,,,1999,36000
Marumieta,,,2002,51873
Marumieta,,,2006,50804
Marumieta,110,,2009,42116
Marumieta,,,2015,69472
Marumieta,,,2017,80000
Marumieta,,,2021,12000000
Braham,,,1999,36000
Braham,,,2002,51873
Braham,,,2006,50804
Braham,110,,2009,42116
Braham,,,2015,69472
Braham,,,2017,80000
Braham,,,2021,12000000
Tsubaki,,,1999,36000
Tsubaki,,,2002,51873
Tsubaki,,,2006,50804
Tsubaki,110,,2009,42116
Tsubaki,,,2015,69472
Tsubaki,,,2017,80000
Tsubaki,,,2021,12000000
Marco,,,1999,36000
Marco,,,2002,51873
Marco,,,2006,50804
Marco,122,,2009,42116
Marco,012,1038,2015,69472
Marco,020,861,2017,80000
Marco,019,98431,2021,12000000
Itomimizu,,,1999,36000
Itomimizu,,,2002,51873
Itomimizu,,,2006,50804
Itomimizu,122,,2009,42116
Itomimizu,137,,2015,69472
Itomimizu,,,2017,80000
Itomimizu,,,2021,12000000
Nola,,,1999,36000
Nola,,,2002,51873
Nola,,,2006,50804
Nola,122,,2009,42116
Nola,137,,2015,69472
Nola,,,2017,80000
Nola,,,2021,12000000
Mikio Itoo,,,1999,36000
Mikio Itoo,,,2002,51873
Mikio Itoo,,,2006,50804
Mikio Itoo,122,,2009,42116
Mikio Itoo,261,,2015,69472
Mikio Itoo,,,2017,80000
Mikio Itoo,,,2021,12000000
Thousand Sunny,,,1999,36000
Thousand Sunny,,,2002,51873
Thousand Sunny,,,2006,50804
Thousand Sunny,122,,2009,42116
Thousand Sunny,,,2015,69472
Thousand Sunny,100,,2017,80000
Thousand Sunny,063,14179,2021,12000000
Kuromarimo,,,1999,36000
Kuromarimo,,,2002,51873
Kuromarimo,,,2006,50804
Kuromarimo,122,,2009,42116
Kuromarimo,,,2015,69472
Kuromarimo,,,2017,80000
Kuromarimo,,,2021,12000000
Zoromilk,,,1999,36000
Zoromilk,,,2002,51873
Zoromilk,,,2006,50804
Zoromilk,122,,2009,42116
Zoromilk,,,2015,69472
Zoromilk,,,2017,80000
Zoromilk,,,2021,12000000
Sam,,,1999,36000
Sam,,,2002,51873
Sam,,,2006,50804
Sam,122,,2009,42116
Sam,,,2015,69472
Sam,,,2017,80000
Sam,,,2021,12000000
Yorki,,,1999,36000
Yorki,,,2002,51873
Yorki,,,2006,50804
Yorki,122,,2009,42116
Yorki,,,2015,69472
Yorki,138,,2017,80000
Yorki,,,2021,12000000
Kagikko,,,1999,36000
Kagikko,,,2002,51873
Kagikko,,,2006,50804
Kagikko,122,,2009,42116
Kagikko,,,2015,69472
Kagikko,,,2017,80000
Kagikko,,,2021,12000000
Unluckies,,,1999,36000
Unluckies,,,2002,51873
Unluckies,,,2006,50804
Unluckies,122,,2009,42116
Unluckies,,,2015,69472
Unluckies,,,2017,80000
Unluckies,,,2021,12000000
Miss Monday,,,1999,36000
Miss Monday,,,2002,51873
Miss Monday,,,2006,50804
Miss Monday,122,,2009,42116
Miss Monday,,,2015,69472
Miss Monday,,,2017,80000
Miss Monday,,,2021,12000000
Rockstar,,,1999,36000
Rockstar,,,2002,51873
Rockstar,,,2006,50804
Rockstar,122,,2009,42116
Rockstar,,,2015,69472
Rockstar,,,2017,80000
Rockstar,066,13572,2021,12000000
Jozu,,,1999,36000
Jozu,,,2002,51873
Jozu,,,2006,50804
Jozu,122,,2009,42116
Jozu,,,2015,69472
Jozu,,,2017,80000
Jozu,,,2021,12000000
Kappei Yamaguchi,,,1999,36000
Kappei Yamaguchi,,,2002,51873
Kappei Yamaguchi,,,2006,50804
Kappei Yamaguchi,122,,2009,42116
Kappei Yamaguchi,,,2015,69472
Kappei Yamaguchi,,,2017,80000
Kappei Yamaguchi,,,2021,12000000
Porche,,,1999,36000
Porche,,,2002,51873
Porche,,,2006,50804
Porche,122,,2009,42116
Porche,,,2015,69472
Porche,,,2017,80000
Porche,,,2021,12000000
Gyoro,,,1999,36000
Gyoro,,,2002,51873
Gyoro,,,2006,50804
Gyoro,122,,2009,42116
Gyoro,,,2015,69472
Gyoro,,,2017,80000
Gyoro,,,2021,12000000
Stronger,,,1999,36000
Stronger,,,2002,51873
Stronger,,,2006,50804
Stronger,122,,2009,42116
Stronger,,,2015,69472
Stronger,,,2017,80000
Stronger,,,2021,12000000
Shakuyaku,,,1999,36000
Shakuyaku,,,2002,51873
Shakuyaku,,,2006,50804
Shakuyaku,122,,2009,42116
Shakuyaku,,,2015,69472
Shakuyaku,,,2017,80000
Shakuyaku,186,,2021,12000000
Vegapunk,,,1999,36000
Vegapunk,,,2002,51873
Vegapunk,,,2006,50804
Vegapunk,122,,2009,42116
Vegapunk,,,2015,69472
Vegapunk,,,2017,80000
Vegapunk,,,2021,12000000
Sentomaru,,,1999,36000
Sentomaru,,,2002,51873
Sentomaru,,,2006,50804
Sentomaru,122,,2009,42116
Sentomaru,,,2015,69472
Sentomaru,,,2017,80000
Sentomaru,,,2021,12000000
Laffitte,,,1999,36000
Laffitte,,,2002,51873
Laffitte,,,2006,50804
Laffitte,122,,2009,42116
Laffitte,,,2015,69472
Laffitte,,,2017,80000
Laffitte,,,2021,12000000
Crocus,,,1999,36000
Crocus,,,2002,51873
Crocus,,,2006,50804
Crocus,122,,2009,42116
Crocus,,,2015,69472
Crocus,,,2017,80000
Crocus,,,2021,12000000
Luffyzaki,,,1999,36000
Luffyzaki,,,2002,51873
Luffyzaki,,,2006,50804
Luffyzaki,122,,2009,42116
Luffyzaki,,,2015,69472
Luffyzaki,,,2017,80000
Luffyzaki,,,2021,12000000
Lassoo,,,1999,36000
Lassoo,,,2002,51873
Lassoo,,,2006,50804
Lassoo,122,,2009,42116
Lassoo,,,2015,69472
Lassoo,,,2017,80000
Lassoo,,,2021,12000000
Hatchan,,,1999,36000
Hatchan,,,2002,51873
Hatchan,,,2006,50804
Hatchan,122,,2009,42116
Hatchan,,,2015,69472
Hatchan,,,2017,80000
Hatchan,,,2021,12000000
Mayumi Tanaka,,,1999,36000
Mayumi Tanaka,,,2002,51873
Mayumi Tanaka,,,2006,50804
Mayumi Tanaka,122,,2009,42116
Mayumi Tanaka,,,2015,69472
Mayumi Tanaka,,,2017,80000
Mayumi Tanaka,,,2021,12000000
Shura,,,1999,36000
Shura,,,2002,51873
Shura,,,2006,50804
Shura,122,,2009,42116
Shura,,,2015,69472
Shura,,,2017,80000
Shura,,,2021,12000000
Funkfreed,,,1999,36000
Funkfreed,,,2002,51873
Funkfreed,,,2006,50804
Funkfreed,122,,2009,42116
Funkfreed,,,2015,69472
Funkfreed,,,2017,80000
Funkfreed,,,2021,12000000
Gyaro,,,1999,36000
Gyaro,,,2002,51873
Gyaro,,,2006,50804
Gyaro,122,,2009,42116
Gyaro,,,2015,69472
Gyaro,,,2017,80000
Gyaro,,,2021,12000000
Koushirou,,,1999,36000
Koushirou,,,2002,51873
Koushirou,,,2006,50804
Koushirou,122,,2009,42116
Koushirou,,,2015,69472
Koushirou,,,2017,80000
Koushirou,,,2021,12000000
Miss Doublefinger,,,1999,36000
Miss Doublefinger,,,2002,51873
Miss Doublefinger,,,2006,50804
Miss Doublefinger,122,,2009,42116
Miss Doublefinger,,,2015,69472
Miss Doublefinger,,,2017,80000
Miss Doublefinger,,,2021,12000000
Mr. 5,,,1999,36000
Mr. 5,,,2002,51873
Mr. 5,,,2006,50804
Mr. 5,122,,2009,42116
Mr. 5,,,2015,69472
Mr. 5,,,2017,80000
Mr. 5,,,2021,12000000
Pagaya,,,1999,36000
Pagaya,,,2002,51873
Pagaya,,,2006,50804
Pagaya,122,,2009,42116
Pagaya,,,2015,69472
Pagaya,,,2017,80000
Pagaya,,,2021,12000000
Mr. 13,,,1999,36000
Mr. 13,,,2002,51873
Mr. 13,,,2006,50804
Mr. 13,122,,2009,42116
Mr. 13,,,2015,69472
Mr. 13,,,2017,80000
Mr. 13,,,2021,12000000
Samurai Batts,,,1999,36000
Samurai Batts,,,2002,51873
Samurai Batts,,,2006,50804
Samurai Batts,122,,2009,42116
Samurai Batts,,,2015,69472
Samurai Batts,,,2017,80000
Samurai Batts,,,2021,12000000
Hattori,,,1999,36000
Hattori,,,2002,51873
Hattori,,,2006,50804
Hattori,122,,2009,42116
Hattori,,,2015,69472
Hattori,,,2017,80000
Hattori,196,,2021,12000000
South Bird,,,1999,36000
South Bird,,,2002,51873
South Bird,,,2006,50804
South Bird,122,,2009,42116
South Bird,,,2015,69472
South Bird,,,2017,80000
South Bird,,,2021,12000000
Mikazuki,,,1999,36000
Mikazuki,,,2002,51873
Mikazuki,,,2006,50804
Mikazuki,122,,2009,42116
Mikazuki,,,2015,69472
Mikazuki,,,2017,80000
Mikazuki,,,2021,12000000
Snowman (雪だるさん),,,1999,36000
Snowman (雪だるさん),,,2002,51873
Snowman (雪だるさん),,,2006,50804
Snowman (雪だるさん),122,,2009,42116
Snowman (雪だるさん),,,2015,69472
Snowman (雪だるさん),,,2017,80000
Snowman (雪だるさん),,,2021,12000000
Den Den Mushi,,,1999,36000
Den Den Mushi,,,2002,51873
Den Den Mushi,,,2006,50804
Den Den Mushi,122,,2009,42116
Den Den Mushi,,,2015,69472
Den Den Mushi,,,2017,80000
Den Den Mushi,,,2021,12000000
Straw Hat,,,1999,36000
Straw Hat,,,2002,51873
Straw Hat,,,2006,50804
Straw Hat,122,,2009,42116
Straw Hat,,,2015,69472
Straw Hat,,,2017,80000
Straw Hat,,,2021,12000000
Hocker,,,1999,36000
Hocker,,,2002,51873
Hocker,,,2006,50804
Hocker,122,,2009,42116
Hocker,,,2015,69472
Hocker,,,2017,80000
Hocker,,,2021,12000000
Mr. 3,,,1999,36000
Mr. 3,,,2002,51873
Mr. 3,,,2006,50804
Mr. 3,122,,2009,42116
Mr. 3,,,2015,69472
Mr. 3,,,2017,80000
Mr. 3,143,,2021,12000000
Batchee,,,1999,36000
Batchee,,,2002,51873
Batchee,,,2006,50804
Batchee,122,,2009,42116
Batchee,,,2015,69472
Batchee,,,2017,80000
Batchee,112,,2021,12000000
Unforgivable Mask,,,1999,36000
Unforgivable Mask,,,2002,51873
Unforgivable Mask,,,2006,50804
Unforgivable Mask,122,,2009,42116
Unforgivable Mask,,,2015,69472
Unforgivable Mask,,,2017,80000
Unforgivable Mask,,,2021,12000000
Nnke-kun,,,1999,36000
Nnke-kun,,,2002,51873
Nnke-kun,,,2006,50804
Nnke-kun,122,,2009,42116
Nnke-kun,,,2015,69472
Nnke-kun,,,2017,80000
Nnke-kun,,,2021,12000000
だんな様,,,1999,36000
だんな様,,,2002,51873
だんな様,,,2006,50804
だんな様,122,,2009,42116
だんな様,,,2015,69472
だんな様,,,2017,80000
だんな様,,,2021,12000000
Lil,,,1999,36000
Lil,,,2002,51873
Lil,,,2006,50804
Lil,122,,2009,42116
Lil,,,2015,69472
Lil,,,2017,80000
Lil,,,2021,12000000
The doctor who shook hands with Lucci,,,1999,36000
The doctor who shook hands with Lucci,,,2002,51873
The doctor who shook hands with Lucci,,,2006,50804
The doctor who shook hands with Lucci,122,,2009,42116
The doctor who shook hands with Lucci,,,2015,69472
The doctor who shook hands with Lucci,,,2017,80000
The doctor who shook hands with Lucci,,,2021,12000000
ムラサキ。グマ,,,1999,36000
ムラサキ。グマ,,,2002,51873
ムラサキ。グマ,,,2006,50804
ムラサキ。グマ,122,,2009,42116
ムラサキ。グマ,,,2015,69472
ムラサキ。グマ,,,2017,80000
ムラサキ。グマ,,,2021,12000000
Surprise Zombie,,,1999,36000
Surprise Zombie,,,2002,51873
Surprise Zombie,,,2006,50804
Surprise Zombie,122,,2009,42116
Surprise Zombie,,,2015,69472
Surprise Zombie,,,2017,80000
Surprise Zombie,,,2021,12000000
担当の大西さん,,,1999,36000
担当の大西さん,,,2002,51873
担当の大西さん,,,2006,50804
担当の大西さん,122,,2009,42116
担当の大西さん,,,2015,69472
担当の大西さん,,,2017,80000
担当の大西さん,,,2021,12000000
Jigoro,,,1999,36000
Jigoro,,,2002,51873
Jigoro,,,2006,50804
Jigoro,122,,2009,42116
Jigoro,,,2015,69472
Jigoro,,,2017,80000
Jigoro,,,2021,12000000
Tamanegi,,,1999,36000
Tamanegi,,,2002,51873
Tamanegi,,,2006,50804
Tamanegi,122,,2009,42116
Tamanegi,,,2015,69472
Tamanegi,,,2017,80000
Tamanegi,,,2021,12000000
Inuppe,,,1999,36000
Inuppe,,,2002,51873
Inuppe,,,2006,50804
Inuppe,122,,2009,42116
Inuppe,,,2015,69472
Inuppe,,,2017,80000
Inuppe,,,2021,12000000
Sabo,,,1999,36000
Sabo,,,2002,51873
Sabo,,,2006,50804
Sabo,,,2009,42116
Sabo,005,5134,2015,69472
Sabo,009,2967,2017,80000
Sabo,010,318869,2021,12000000
Bartolomeo,,,1999,36000
Bartolomeo,,,2002,51873
Bartolomeo,,,2006,50804
Bartolomeo,,,2009,42116
Bartolomeo,009,1754,2015,69472
Bartolomeo,030,,2017,80000
Bartolomeo,040,31694,2021,12000000
Boa Hancock,,,1999,36000
Boa Hancock,,,2002,51873
Boa Hancock,,,2006,50804
Boa Hancock,,,2009,42116
Boa Hancock,010,1422,2015,69472
Boa Hancock,010,2452,2017,80000
Boa Hancock,007,392951,2021,12000000
Cavendish,,,1999,36000
Cavendish,,,2002,51873
Cavendish,,,2006,50804
Cavendish,,,2009,42116
Cavendish,027,,2015,69472
Cavendish,013,1742,2017,80000
Cavendish,073,12424,2021,12000000
Shirahoshi,,,1999,36000
Shirahoshi,,,2002,51873
Shirahoshi,,,2006,50804
Shirahoshi,,,2009,42116
Shirahoshi,028,,2015,69472
Shirahoshi,032,,2017,80000
Shirahoshi,050,19690,2021,12000000
Rebecca,,,1999,36000
Rebecca,,,2002,51873
Rebecca,,,2006,50804
Rebecca,,,2009,42116
Rebecca,029,,2015,69472
Rebecca,041,,2017,80000
Rebecca,068,13357,2021,12000000
Koala,,,1999,36000
Koala,,,2002,51873
Koala,,,2006,50804
Koala,,,2009,42116
Koala,030,,2015,69472
Koala,036,,2017,80000
Koala,058,17512,2021,12000000
Kyros,,,1999,36000
Kyros,,,2002,51873
Kyros,,,2006,50804
Kyros,,,2009,42116
Kyros,031,,2015,69472
Kyros,138,,2017,80000
Kyros,110,,2021,12000000
Issho,,,1999,36000
Issho,,,2002,51873
Issho,,,2006,50804
Issho,,,2009,42116
Issho,036,,2015,69472
Issho,053,,2017,80000
Issho,052,18570,2021,12000000
Caesar Clown,,,1999,36000
Caesar Clown,,,2002,51873
Caesar Clown,,,2006,50804
Caesar Clown,,,2009,42116
Caesar Clown,037,,2015,69472
Caesar Clown,054,,2017,80000
Caesar Clown,091,8888,2021,12000000
Sugar,,,1999,36000
Sugar,,,2002,51873
Sugar,,,2006,50804
Sugar,,,2009,42116
Sugar,039,,2015,69472
Sugar,121,,2017,80000
Sugar,130,,2021,12000000
Senor Pink,,,1999,36000
Senor Pink,,,2002,51873
Senor Pink,,,2006,50804
Senor Pink,,,2009,42116
Senor Pink,042,,2015,69472
Senor Pink,047,,2017,80000
Senor Pink,072,12750,2021,12000000
Viola,,,1999,36000
Viola,,,2002,51873
Viola,,,2006,50804
Viola,,,2009,42116
Viola,045,,2015,69472
Viola,138,,2017,80000
Viola,128,,2021,12000000
Akainu,,,1999,36000
Akainu,,,2002,51873
Akainu,,,2006,50804
Akainu,,,2009,42116
Akainu,047,,2015,69472
Akainu,070,,2017,80000
Akainu,053,18362,2021,12000000
Marguerite,,,1999,36000
Marguerite,,,2002,51873
Marguerite,,,2006,50804
Marguerite,,,2009,42116
Marguerite,050,,2015,69472
Marguerite,104,,2017,80000
Marguerite,087,9723,2021,12000000
Donquixote Rosinante,,,1999,36000
Donquixote Rosinante,,,2002,51873
Donquixote Rosinante,,,2006,50804
Donquixote Rosinante,,,2009,42116
Donquixote Rosinante,052,,2015,69472
Donquixote Rosinante,016,1230,2017,80000
Donquixote Rosinante,013,157167,2021,12000000
Penguin,,,1999,36000
Penguin,,,2002,51873
Penguin,,,2006,50804
Penguin,,,2009,42116
Penguin,052,,2015,69472
Penguin,070,,2017,80000
Penguin,103,,2021,12000000
Baby 5,,,1999,36000
Baby 5,,,2002,51873
Baby 5,,,2006,50804
Baby 5,,,2009,42116
Baby 5,055,,2015,69472
Baby 5,070,,2017,80000
Baby 5,102,,2021,12000000
Monet,,,1999,36000
Monet,,,2002,51873
Monet,,,2006,50804
Monet,,,2009,42116
Monet,057,,2015,69472
Monet,081,,2017,80000
Monet,076,12115,2021,12000000
Vergo,,,1999,36000
Vergo,,,2002,51873
Vergo,,,2006,50804
Vergo,,,2009,42116
Vergo,059,,2015,69472
Vergo,121,,2017,80000
Vergo,197,,2021,12000000
Thatch,,,1999,36000
Thatch,,,2002,51873
Thatch,,,2006,50804
Thatch,,,2009,42116
Thatch,062,,2015,69472
Thatch,138,,2017,80000
Thatch,155,,2021,12000000
Emporio Ivankov,,,1999,36000
Emporio Ivankov,,,2002,51873
Emporio Ivankov,,,2006,50804
Emporio Ivankov,,,2009,42116
Emporio Ivankov,064,,2015,69472
Emporio Ivankov,077,,2017,80000
Emporio Ivankov,079,11043,2021,12000000
Izou,,,1999,36000
Izou,,,2002,51873
Izou,,,2006,50804
Izou,,,2009,42116
Izou,069,,2015,69472
Izou,081,,2017,80000
Izou,048,20940,2021,12000000
Hannyabal,,,1999,36000
Hannyabal,,,2002,51873
Hannyabal,,,2006,50804
Hannyabal,,,2009,42116
Hannyabal,069,,2015,69472
Hannyabal,108,,2017,80000
Hannyabal,119,,2021,12000000
Z,,,1999,36000
Z,,,2002,51873
Z,,,2006,50804
Z,,,2009,42116
Z,071,,2015,69472
Z,081,,2017,80000
Z,,,2021,12000000
Dellinger,,,1999,36000
Dellinger,,,2002,51873
Dellinger,,,2006,50804
Dellinger,,,2009,42116
Dellinger,076,,2015,69472
Dellinger,,,2017,80000
Dellinger,,,2021,12000000
Gladius,,,1999,36000
Gladius,,,2002,51873
Gladius,,,2006,50804
Gladius,,,2009,42116
Gladius,076,,2015,69472
Gladius,113,,2017,80000
Gladius,,,2021,12000000
Tonjit,,,1999,36000
Tonjit,,,2002,51873
Tonjit,,,2006,50804
Tonjit,,,2009,42116
Tonjit,081,,2015,69472
Tonjit,,,2017,80000
Tonjit,,,2021,12000000
Kanjuro,,,1999,36000
Kanjuro,,,2002,51873
Kanjuro,,,2006,50804
Kanjuro,,,2009,42116
Kanjuro,086,,2015,69472
Kanjuro,175,,2017,80000
Kanjuro,192,,2021,12000000
Wicca,,,1999,36000
Wicca,,,2002,51873
Wicca,,,2006,50804
Wicca,,,2009,42116
Wicca,086,,2015,69472
Wicca,,,2017,80000
Wicca,,,2021,12000000
Farafra,,,1999,36000
Farafra,,,2002,51873
Farafra,,,2006,50804
Farafra,,,2009,42116
Farafra,088,,2015,69472
Farafra,048,,2017,80000
Farafra,106,,2021,12000000
Shachi,,,1999,36000
Shachi,,,2002,51873
Shachi,,,2006,50804
Shachi,,,2009,42116
Shachi,088,,2015,69472
Shachi,100,,2017,80000
Shachi,165,,2021,12000000
Camel,,,1999,36000
Camel,,,2002,51873
Camel,,,2006,50804
Camel,,,2009,42116
Camel,097,,2015,69472
Camel,,,2017,80000
Camel,,,2021,12000000
Diamante,,,1999,36000
Diamante,,,2002,51873
Diamante,,,2006,50804
Diamante,,,2009,42116
Diamante,098,,2015,69472
Diamante,,,2017,80000
Diamante,,,2021,12000000
Curly Dadan,,,1999,36000
Curly Dadan,,,2002,51873
Curly Dadan,,,2006,50804
Curly Dadan,,,2009,42116
Curly Dadan,098,,2015,69472
Curly Dadan,192,,2017,80000
Curly Dadan,113,,2021,12000000
Shyarly,,,1999,36000
Shyarly,,,2002,51873
Shyarly,,,2006,50804
Shyarly,,,2009,42116
Shyarly,098,,2015,69472
Shyarly,,,2017,80000
Shyarly,195,,2021,12000000
Leo,,,1999,36000
Leo,,,2002,51873
Leo,,,2006,50804
Leo,,,2009,42116
Leo,101,,2015,69472
Leo,094,,2017,80000
Leo,136,,2021,12000000
Pica,,,1999,36000
Pica,,,2002,51873
Pica,,,2006,50804
Pica,,,2009,42116
Pica,101,,2015,69472
Pica,,,2017,80000
Pica,,,2021,12000000
Kin'emon,,,1999,36000
Kin'emon,,,2002,51873
Kin'emon,,,2006,50804
Kin'emon,,,2009,42116
Kin'emon,105,,2015,69472
Kin'emon,113,,2017,80000
Kin'emon,092,8757,2021,12000000
Sadi,,,1999,36000
Sadi,,,2002,51873
Sadi,,,2006,50804
Sadi,,,2009,42116
Sadi,109,,2015,69472
Sadi,,,2017,80000
Sadi,,,2021,12000000
Inazuma,,,1999,36000
Inazuma,,,2002,51873
Inazuma,,,2006,50804
Inazuma,,,2009,42116
Inazuma,109,,2015,69472
Inazuma,,,2017,80000
Inazuma,,,2021,12000000
Lucky Roux,,,1999,36000
Lucky Roux,,,2002,51873
Lucky Roux,,,2006,50804
Lucky Roux,,,2009,42116
Lucky Roux,109,,2015,69472
Lucky Roux,121,,2017,80000
Lucky Roux,172,,2021,12000000
Heracles,,,1999,36000
Heracles,,,2002,51873
Heracles,,,2006,50804
Heracles,,,2009,42116
Heracles,118,,2015,69472
Heracles,,,2017,80000
Heracles,,,2021,12000000
Bogard,,,1999,36000
Bogard,,,2002,51873
Bogard,,,2006,50804
Bogard,,,2009,42116
Bogard,120,,2015,69472
Bogard,,,2017,80000
Bogard,,,2021,12000000
Momonga,,,1999,36000
Momonga,,,2002,51873
Momonga,,,2006,50804
Momonga,,,2009,42116
Momonga,120,,2015,69472
Momonga,138,,2017,80000
Momonga,190,,2021,12000000
Ripper,,,1999,36000
Ripper,,,2002,51873
Ripper,,,2006,50804
Ripper,,,2009,42116
Ripper,124,,2015,69472
Ripper,,,2017,80000
Ripper,,,2021,12000000
Trebol,,,1999,36000
Trebol,,,2002,51873
Trebol,,,2006,50804
Trebol,,,2009,42116
Trebol,124,,2015,69472
Trebol,,,2017,80000
Trebol,,,2021,12000000
Momonosuke,,,1999,36000
Momonosuke,,,2002,51873
Momonosuke,,,2006,50804
Momonosuke,,,2009,42116
Momonosuke,124,,2015,69472
Momonosuke,113,,2017,80000
Momonosuke,180,,2021,12000000
Yarisugi,,,1999,36000
Yarisugi,,,2002,51873
Yarisugi,,,2006,50804
Yarisugi,,,2009,42116
Yarisugi,124,,2015,69472
Yarisugi,,,2017,80000
Yarisugi,,,2021,12000000
Hikoichi,,,1999,36000
Hikoichi,,,2002,51873
Hikoichi,,,2006,50804
Hikoichi,,,2009,42116
Hikoichi,124,,2015,69472
Hikoichi,,,2017,80000
Hikoichi,,,2021,12000000
Suleiman,,,1999,36000
Suleiman,,,2002,51873
Suleiman,,,2006,50804
Suleiman,,,2009,42116
Suleiman,124,,2015,69472
Suleiman,,,2017,80000
Suleiman,,,2021,12000000
Salome,,,1999,36000
Salome,,,2002,51873
Salome,,,2006,50804
Salome,,,2009,42116
Salome,124,,2015,69472
Salome,,,2017,80000
Salome,,,2021,12000000
Ain,,,1999,36000
Ain,,,2002,51873
Ain,,,2006,50804
Ain,,,2009,42116
Ain,137,,2015,69472
Ain,045,,2017,80000
Ain,,,2021,12000000
Shiki,,,1999,36000
Shiki,,,2002,51873
Shiki,,,2006,50804
Shiki,,,2009,42116
Shiki,137,,2015,69472
Shiki,,,2017,80000
Shiki,,,2021,12000000
Mizuta Mawaritosuki,,,1999,36000
Mizuta Mawaritosuki,,,2002,51873
Mizuta Mawaritosuki,,,2006,50804
Mizuta Mawaritosuki,,,2009,42116
Mizuta Mawaritosuki,137,,2015,69472
Mizuta Mawaritosuki,,,2017,80000
Mizuta Mawaritosuki,,,2021,12000000
Momousagi,,,1999,36000
Momousagi,,,2002,51873
Momousagi,,,2006,50804
Momousagi,,,2009,42116
Momousagi,137,,2015,69472
Momousagi,,,2017,80000
Momousagi,,,2021,12000000
Terracotta,,,1999,36000
Terracotta,,,2002,51873
Terracotta,,,2006,50804
Terracotta,,,2009,42116
Terracotta,137,,2015,69472
Terracotta,,,2017,80000
Terracotta,,,2021,12000000
Ryokugyu,,,1999,36000
Ryokugyu,,,2002,51873
Ryokugyu,,,2006,50804
Ryokugyu,,,2009,42116
Ryokugyu,137,,2015,69472
Ryokugyu,,,2017,80000
Ryokugyu,,,2021,12000000
F-Wani,,,1999,36000
F-Wani,,,2002,51873
F-Wani,,,2006,50804
F-Wani,,,2009,42116
F-Wani,137,,2015,69472
F-Wani,,,2017,80000
F-Wani,,,2021,12000000
Mukkashimi Tower,,,1999,36000
Mukkashimi Tower,,,2002,51873
Mukkashimi Tower,,,2006,50804
Mukkashimi Tower,,,2009,42116
Mukkashimi Tower,152,,2015,69472
Mukkashimi Tower,,,2017,80000
Mukkashimi Tower,,,2021,12000000
Sarfunkel,,,1999,36000
Sarfunkel,,,2002,51873
Sarfunkel,,,2006,50804
Sarfunkel,,,2009,42116
Sarfunkel,195,,2015,69472
Sarfunkel,,,2017,80000
Sarfunkel,,,2021,12000000
Pandawoman,,,1999,36000
Pandawoman,,,2002,51873
Pandawoman,,,2006,50804
Pandawoman,,,2009,42116
Pandawoman,261,,2015,69472
Pandawoman,,,2017,80000
Pandawoman,,,2021,12000000
Kumae,,,1999,36000
Kumae,,,2002,51873
Kumae,,,2006,50804
Kumae,,,2009,42116
Kumae,261,,2015,69472
Kumae,,,2017,80000
Kumae,,,2021,12000000
Aremo Ganmi,,,1999,36000
Aremo Ganmi,,,2002,51873
Aremo Ganmi,,,2006,50804
Aremo Ganmi,,,2009,42116
Aremo Ganmi,261,,2015,69472
Aremo Ganmi,,,2017,80000
Aremo Ganmi,,,2021,12000000
Stefan,,,1999,36000
Stefan,,,2002,51873
Stefan,,,2006,50804
Stefan,,,2009,42116
Stefan,261,,2015,69472
Stefan,,,2017,80000
Stefan,,,2021,12000000
Vinsmoke Reiju,,,1999,36000
Vinsmoke Reiju,,,2002,51873
Vinsmoke Reiju,,,2006,50804
Vinsmoke Reiju,,,2009,42116
Vinsmoke Reiju,,,2015,69472
Vinsmoke Reiju,014,1665,2017,80000
Vinsmoke Reiju,039,33481,2021,12000000
Carrot,,,1999,36000
Carrot,,,2002,51873
Carrot,,,2006,50804
Carrot,,,2009,42116
Carrot,,,2015,69472
Carrot,027,,2017,80000
Carrot,008,388565,2021,12000000
Charlotte Pudding,,,1999,36000
Charlotte Pudding,,,2002,51873
Charlotte Pudding,,,2006,50804
Charlotte Pudding,,,2009,42116
Charlotte Pudding,,,2015,69472
Charlotte Pudding,029,,2017,80000
Charlotte Pudding,045,23334,2021,12000000
Nekomamushi,,,1999,36000
Nekomamushi,,,2002,51873
Nekomamushi,,,2006,50804
Nekomamushi,,,2009,42116
Nekomamushi,,,2015,69472
Nekomamushi,031,,2017,80000
Nekomamushi,101,,2021,12000000
Charlotte Katakuri,,,1999,36000
Charlotte Katakuri,,,2002,51873
Charlotte Katakuri,,,2006,50804
Charlotte Katakuri,,,2009,42116
Charlotte Katakuri,,,2015,69472
Charlotte Katakuri,046,,2017,80000
Charlotte Katakuri,014,152070,2021,12000000
Capone Bege,,,1999,36000
Capone Bege,,,2002,51873
Capone Bege,,,2006,50804
Capone Bege,,,2009,42116
Capone Bege,,,2015,69472
Capone Bege,052,,2017,80000
Capone Bege,158,,2021,12000000
Vinsmoke Ichiji,,,1999,36000
Vinsmoke Ichiji,,,2002,51873
Vinsmoke Ichiji,,,2006,50804
Vinsmoke Ichiji,,,2009,42116
Vinsmoke Ichiji,,,2015,69472
Vinsmoke Ichiji,058,,2017,80000
Vinsmoke Ichiji,115,,2021,12000000
Carina,,,1999,36000
Carina,,,2002,51873
Carina,,,2006,50804
Carina,,,2009,42116
Carina,,,2015,69472
Carina,060,,2017,80000
Carina,,,2021,12000000
Pedro,,,1999,36000
Pedro,,,2002,51873
Pedro,,,2006,50804
Pedro,,,2009,42116
Pedro,,,2015,69472
Pedro,063,,2017,80000
Pedro,061,14983,2021,12000000
Chinjao,,,1999,36000
Chinjao,,,2002,51873
Chinjao,,,2006,50804
Chinjao,,,2009,42116
Chinjao,,,2015,69472
Chinjao,063,,2017,80000
Chinjao,,,2021,12000000
Gild Tesoro,,,1999,36000
Gild Tesoro,,,2002,51873
Gild Tesoro,,,2006,50804
Gild Tesoro,,,2009,42116
Gild Tesoro,,,2015,69472
Gild Tesoro,066,,2017,80000
Gild Tesoro,,,2021,12000000
Vinsmoke Sora,,,1999,36000
Vinsmoke Sora,,,2002,51873
Vinsmoke Sora,,,2006,50804
Vinsmoke Sora,,,2009,42116
Vinsmoke Sora,,,2015,69472
Vinsmoke Sora,066,,2017,80000
Vinsmoke Sora,194,,2021,12000000
Raki,,,1999,36000
Raki,,,2002,51873
Raki,,,2006,50804
Raki,,,2009,42116
Raki,,,2015,69472
Raki,068,,2017,80000
Raki,131,,2021,12000000
Big Mom,,,1999,36000
Big Mom,,,2002,51873
Big Mom,,,2006,50804
Big Mom,,,2009,42116
Big Mom,,,2015,69472
Big Mom,070,,2017,80000
Big Mom,086,9864,2021,12000000
Vinsmoke Yonji,,,1999,36000
Vinsmoke Yonji,,,2002,51873
Vinsmoke Yonji,,,2006,50804
Vinsmoke Yonji,,,2009,42116
Vinsmoke Yonji,,,2015,69472
Vinsmoke Yonji,090,,2017,80000
Vinsmoke Yonji,142,,2021,12000000
Pekoms,,,1999,36000
Pekoms,,,2002,51873
Pekoms,,,2006,50804
Pekoms,,,2009,42116
Pekoms,,,2015,69472
Pekoms,090,,2017,80000
Pekoms,,,2021,12000000
Vinsmoke Niji,,,1999,36000
Vinsmoke Niji,,,2002,51873
Vinsmoke Niji,,,2006,50804
Vinsmoke Niji,,,2009,42116
Vinsmoke Niji,,,2015,69472
Vinsmoke Niji,094,,2017,80000
Vinsmoke Niji,111,,2021,12000000
Shiryu,,,1999,36000
Shiryu,,,2002,51873
Shiryu,,,2006,50804
Shiryu,,,2009,42116
Shiryu,,,2015,69472
Shiryu,097,,2017,80000
Shiryu,,,2021,12000000
Kaidou,,,1999,36000
Kaidou,,,2002,51873
Kaidou,,,2006,50804
Kaidou,,,2009,42116
Kaidou,,,2015,69472
Kaidou,097,,2017,80000
Kaidou,065,13847,2021,12000000
Mansherry,,,1999,36000
Mansherry,,,2002,51873
Mansherry,,,2006,50804
Mansherry,,,2009,42116
Mansherry,,,2015,69472
Mansherry,104,,2017,80000
Mansherry,179,,2021,12000000
Sengoku,,,1999,36000
Sengoku,,,2002,51873
Sengoku,,,2006,50804
Sengoku,,,2009,42116
Sengoku,,,2015,69472
Sengoku,134,,2017,80000
Sengoku,167,,2021,12000000
Charlotte Smoothie,,,1999,36000
Charlotte Smoothie,,,2002,51873
Charlotte Smoothie,,,2006,50804
Charlotte Smoothie,,,2009,42116
Charlotte Smoothie,,,2015,69472
Charlotte Smoothie,158,,2017,80000
Charlotte Smoothie,176,,2021,12000000
Jack,,,1999,36000
Jack,,,2002,51873
Jack,,,2006,50804
Jack,,,2009,42116
Jack,,,2015,69472
Jack,168,,2017,80000
Jack,184,,2021,12000000
Portgas D. Rouge,,,1999,36000
Portgas D. Rouge,,,2002,51873
Portgas D. Rouge,,,2006,50804
Portgas D. Rouge,,,2009,42116
Portgas D. Rouge,,,2015,69472
Portgas D. Rouge,175,,2017,80000
Portgas D. Rouge,200,,2021,12000000
Yamato,,,1999,36000
Yamato,,,2002,51873
Yamato,,,2006,50804
Yamato,,,2009,42116
Yamato,,,2015,69472
Yamato,,,2017,80000
Yamato,011,259738,2021,12000000
Kozuki Oden,,,1999,36000
Kozuki Oden,,,2002,51873
Kozuki Oden,,,2006,50804
Kozuki Oden,,,2009,42116
Kozuki Oden,,,2015,69472
Kozuki Oden,,,2017,80000
Kozuki Oden,024,82773,2021,12000000
Woop Slap,,,1999,36000
Woop Slap,,,2002,51873
Woop Slap,,,2006,50804
Woop Slap,,,2009,42116
Woop Slap,,,2015,69472
Woop Slap,,,2017,80000
Woop Slap,037,37528,2021,12000000
Kikunojo,,,1999,36000
Kikunojo,,,2002,51873
Kikunojo,,,2006,50804
Kikunojo,,,2009,42116
Kikunojo,,,2015,69472
Kikunojo,,,2017,80000
Kikunojo,047,21040,2021,12000000
Kozuki Hiyori,,,1999,36000
Kozuki Hiyori,,,2002,51873
Kozuki Hiyori,,,2006,50804
Kozuki Hiyori,,,2009,42116
Kozuki Hiyori,,,2015,69472
Kozuki Hiyori,,,2017,80000
Kozuki Hiyori,049,20427,2021,12000000
Tama,,,1999,36000
Tama,,,2002,51873
Tama,,,2006,50804
Tama,,,2009,42116
Tama,,,2015,69472
Tama,,,2017,80000
Tama,054,18159,2021,12000000
Ulti,,,1999,36000
Ulti,,,2002,51873
Ulti,,,2006,50804
Ulti,,,2009,42116
Ulti,,,2015,69472
Ulti,,,2017,80000
Ulti,056,17707,2021,12000000
Namur,,,1999,36000
Namur,,,2002,51873
Namur,,,2006,50804
Namur,,,2009,42116
Namur,,,2015,69472
Namur,,,2017,80000
Namur,071,13034,2021,12000000
Orlumbus,,,1999,36000
Orlumbus,,,2002,51873
Orlumbus,,,2006,50804
Orlumbus,,,2009,42116
Orlumbus,,,2015,69472
Orlumbus,,,2017,80000
Orlumbus,078,11425,2021,12000000
Morgans,,,1999,36000
Morgans,,,2002,51873
Morgans,,,2006,50804
Morgans,,,2009,42116
Morgans,,,2015,69472
Morgans,,,2017,80000
Morgans,080,10812,2021,12000000
Denjiro (Kyoshiro),,,1999,36000
Denjiro (Kyoshiro),,,2002,51873
Denjiro (Kyoshiro),,,2006,50804
Denjiro (Kyoshiro),,,2009,42116
Denjiro (Kyoshiro),,,2015,69472
Denjiro (Kyoshiro),,,2017,80000
Denjiro (Kyoshiro),083,10488,2021,12000000
Charlotte Mont-d'Or,,,1999,36000
Charlotte Mont-d'Or,,,2002,51873
Charlotte Mont-d'Or,,,2006,50804
Charlotte Mont-d'Or,,,2009,42116
Charlotte Mont-d'Or,,,2015,69472
Charlotte Mont-d'Or,,,2017,80000
Charlotte Mont-d'Or,090,9470,2021,12000000
Vista,,,1999,36000
Vista,,,2002,51873
Vista,,,2006,50804
Vista,,,2009,42116
Vista,,,2015,69472
Vista,,,2017,80000
Vista,094,8577,2021,12000000
Charlotte Perospero,,,1999,36000
Charlotte Perospero,,,2002,51873
Charlotte Perospero,,,2006,50804
Charlotte Perospero,,,2009,42116
Charlotte Perospero,,,2015,69472
Charlotte Perospero,,,2017,80000
Charlotte Perospero,095,8380,2021,12000000
Kawamatsu,,,1999,36000
Kawamatsu,,,2002,51873
Kawamatsu,,,2006,50804
Kawamatsu,,,2009,42116
Kawamatsu,,,2015,69472
Kawamatsu,,,2017,80000
Kawamatsu,096,8208,2021,12000000
Charlotte Cracker,,,1999,36000
Charlotte Cracker,,,2002,51873
Charlotte Cracker,,,2006,50804
Charlotte Cracker,,,2009,42116
Charlotte Cracker,,,2015,69472
Charlotte Cracker,,,2017,80000
Charlotte Cracker,099,7910,2021,12000000
King,,,1999,36000
King,,,2002,51873
King,,,2006,50804
King,,,2009,42116
King,,,2015,69472
King,,,2017,80000
King,116,,2021,12000000
Diesel,,,1999,36000
Diesel,,,2002,51873
Diesel,,,2006,50804
Diesel,,,2009,42116
Diesel,,,2015,69472
Diesel,,,2017,80000
Diesel,120,,2021,12000000
Magellan,,,1999,36000
Magellan,,,2002,51873
Magellan,,,2006,50804
Magellan,,,2009,42116
Magellan,,,2015,69472
Magellan,,,2017,80000
Magellan,123,,2021,12000000
Page One,,,1999,36000
Page One,,,2002,51873
Page One,,,2006,50804
Page One,,,2009,42116
Page One,,,2015,69472
Page One,,,2017,80000
Page One,126,,2021,12000000
Belo Betty,,,1999,36000
Belo Betty,,,2002,51873
Belo Betty,,,2006,50804
Belo Betty,,,2009,42116
Belo Betty,,,2015,69472
Belo Betty,,,2017,80000
Belo Betty,127,,2021,12000000
Nami (Fish-Man drawing),,,1999,36000
Nami (Fish-Man drawing),,,2002,51873
Nami (Fish-Man drawing),,,2006,50804
Nami (Fish-Man drawing),,,2009,42116
Nami (Fish-Man drawing),,,2015,69472
Nami (Fish-Man drawing),,,2017,80000
Nami (Fish-Man drawing),137,,2021,12000000
Sasaki,,,1999,36000
Sasaki,,,2002,51873
Sasaki,,,2006,50804
Sasaki,,,2009,42116
Sasaki,,,2015,69472
Sasaki,,,2017,80000
Sasaki,141,,2021,12000000
Queen,,,1999,36000
Queen,,,2002,51873
Queen,,,2006,50804
Queen,,,2009,42116
Queen,,,2015,69472
Queen,,,2017,80000
Queen,144,,2021,12000000
Ryunosuke,,,1999,36000
Ryunosuke,,,2002,51873
Ryunosuke,,,2006,50804
Ryunosuke,,,2009,42116
Ryunosuke,,,2015,69472
Ryunosuke,,,2017,80000
Ryunosuke,145,,2021,12000000
Rocks D. Xebec,,,1999,36000
Rocks D. Xebec,,,2002,51873
Rocks D. Xebec,,,2006,50804
Rocks D. Xebec,,,2009,42116
Rocks D. Xebec,,,2015,69472
Rocks D. Xebec,,,2017,80000
Rocks D. Xebec,146,,2021,12000000
Nezumi,,,1999,36000
Nezumi,,,2002,51873
Nezumi,,,2006,50804
Nezumi,,,2009,42116
Nezumi,,,2015,69472
Nezumi,,,2017,80000
Nezumi,147,,2021,12000000
Shimotsuki Yasuie,,,1999,36000
Shimotsuki Yasuie,,,2002,51873
Shimotsuki Yasuie,,,2006,50804
Shimotsuki Yasuie,,,2009,42116
Shimotsuki Yasuie,,,2015,69472
Shimotsuki Yasuie,,,2017,80000
Shimotsuki Yasuie,151,,2021,12000000
Fisher Tiger,,,1999,36000
Fisher Tiger,,,2002,51873
Fisher Tiger,,,2006,50804
Fisher Tiger,,,2009,42116
Fisher Tiger,,,2015,69472
Fisher Tiger,,,2017,80000
Fisher Tiger,157,,2021,12000000
Gyro,,,1999,36000
Gyro,,,2002,51873
Gyro,,,2006,50804
Gyro,,,2009,42116
Gyro,,,2015,69472
Gyro,,,2017,80000
Gyro,164,,2021,12000000
Boa Sandersonia,,,1999,36000
Boa Sandersonia,,,2002,51873
Boa Sandersonia,,,2006,50804
Boa Sandersonia,,,2009,42116
Boa Sandersonia,,,2015,69472
Boa Sandersonia,,,2017,80000
Boa Sandersonia,166,,2021,12000000
Black Maria,,,1999,36000
Black Maria,,,2002,51873
Black Maria,,,2006,50804
Black Maria,,,2009,42116
Black Maria,,,2015,69472
Black Maria,,,2017,80000
Black Maria,168,,2021,12000000
Stussy,,,1999,36000
Stussy,,,2002,51873
Stussy,,,2006,50804
Stussy,,,2009,42116
Stussy,,,2015,69472
Stussy,,,2017,80000
Stussy,170,,2021,12000000
Kozuki Toki,,,1999,36000
Kozuki Toki,,,2002,51873
Kozuki Toki,,,2006,50804
Kozuki Toki,,,2009,42116
Kozuki Toki,,,2015,69472
Kozuki Toki,,,2017,80000
Kozuki Toki,171,,2021,12000000
Maynard,,,1999,36000
Maynard,,,2002,51873
Maynard,,,2006,50804
Maynard,,,2009,42116
Maynard,,,2015,69472
Maynard,,,2017,80000
Maynard,174,,2021,12000000
Straw Hat (Humanized),,,1999,36000
Straw Hat (Humanized),,,2002,51873
Straw Hat (Humanized),,,2006,50804
Straw Hat (Humanized),,,2009,42116
Straw Hat (Humanized),,,2015,69472
Straw Hat (Humanized),,,2017,80000
Straw Hat (Humanized),174,,2021,12000000
Spencer,,,1999,36000
Spencer,,,2002,51873
Spencer,,,2006,50804
Spencer,,,2009,42116
Spencer,,,2015,69472
Spencer,,,2017,80000
Spencer,177,,2021,12000000
Otohime,,,1999,36000
Otohime,,,2002,51873
Otohime,,,2006,50804
Otohime,,,2009,42116
Otohime,,,2015,69472
Otohime,,,2017,80000
Otohime,178,,2021,12000000
Babanuki,,,1999,36000
Babanuki,,,2002,51873
Babanuki,,,2006,50804
Babanuki,,,2009,42116
Babanuki,,,2015,69472
Babanuki,,,2017,80000
Babanuki,181,,2021,12000000
Charlos,,,1999,36000
Charlos,,,2002,51873
Charlos,,,2006,50804
Charlos,,,2009,42116
Charlos,,,2015,69472
Charlos,,,2017,80000
Charlos,185,,2021,12000000
Speed,,,1999,36000
Speed,,,2002,51873
Speed,,,2006,50804
Speed,,,2009,42116
Speed,,,2015,69472
Speed,,,2017,80000
Speed,187,,2021,12000000
Toko,,,1999,36000
Toko,,,2002,51873
Toko,,,2006,50804
Toko,,,2009,42116
Toko,,,2015,69472
Toko,,,2017,80000
Toko,189,,2021,12000000
Pearl,,,1999,36000
Pearl,,,2002,51873
Pearl,,,2006,50804
Pearl,,,2009,42116
Pearl,,,2015,69472
Pearl,,,2017,80000
Pearl,192,,2021,12000000
Gama Pyonnosuke,,,1999,36000
Gama Pyonnosuke,,,2002,51873
Gama Pyonnosuke,,,2006,50804
Gama Pyonnosuke,,,2009,42116
Gama Pyonnosuke,,,2015,69472
Gama Pyonnosuke,,,2017,80000
Gama Pyonnosuke,199,,2021,12000000
